Tile_ID,File_ID,Centroid_X,Centroid_Y
Image_5,85,30.73049645390071,108.66666666666669
Image_5,85,30.73049645390071,108.66666666666669
Image_5,85,30.73049645390071,108.66666666666669
Image_5,85,2.4,108.2
