Tile_ID,File_ID,Centroid_X,Centroid_Y,Aire,Diamètre_équivalent
Image_5,7,208.8413669767716,331.54312183345934,,
Image_5,7,198.82735272607167,352.1929129214146,,
Image_5,7,208.0,352.0,,
Image_5,7,209.58028156054473,367.2301941479573,,
Image_5,7,194.89017341040463,378.84393063583815,173.0,14.841510746523857
Image_5,7,195.101246105919,400.2056074766355,,
Image_5,7,196.44659848415668,422.8588622043649,,
