Tile_ID,File_ID,Centroid_X,Centroid_Y
Image_11,103,78.11627906976744,196.12790697674416
Image_11,103,61.18076923076923,192.23461538461538
Image_11,103,43.13257575757576,187.33143939393938
Image_11,103,23.009762900976288,182.89539748953976
Image_11,103,5.877289377289377,180.0164835164835
