Tile_ID,File_ID,Centroid_X,Centroid_Y
Image_14,103,484.1415094339623,190.10377358490567
Image_14,103,510.41284403669727,195.4780835881753
Image_14,103,532.9791666666666,199.3159722222222
Image_14,103,542.9534050179211,201.30465949820788
