Tile_ID,File_ID,Centroid_X,Centroid_Y
Image_8,14,44.277904328018224,381.30523917995447
Image_8,14,40.39033217009176,381.0912498384386
Image_8,14,44.277904328018224,381.30523917995447
