Tile_ID,Mask_ID,Centroid_X,Centroid_Y,Area,Equivalent_Diameter,Corrected_CX,Corrected_CY,File_ID,Order,2p_Thickness
Image_0,422,4.389763779527559,456.1889763779528,254,17.983404693292407,4.407497962510187,456.43928280358597,1,0,0.25939684820108794
Image_0,422,4.389763779527559,456.1889763779528,254,17.983404693292407,4.5280641466208476,456.6689576174112,1,1,16.262340901237373
Image_0,313,5.436842105263158,413.2552631578947,380,21.996159369293583,5.472481827622014,413.4169262720664,1,2,0.13599924171415465
Image_0,313,5.436842105263158,413.2552631578947,380,21.996159369293583,5.585006693440428,413.4933065595716,1,3,3.469288849887331
Image_0,248,11.59560067681895,484.7208121827411,591,27.431452220735256,11.472485768500949,484.8168880455408,1,6,0.11471306576638068
Image_0,248,11.59560067681895,484.7208121827411,591,27.431452220735256,11.557046979865772,484.73937360178974,1,7,
