Image_ID,IoU,Precision,Recall,F1_Score,Num_Masks,Num_Masks_Label
Image_0_0,0.3345106840133667,0.9695928692817688,0.3380570709705353,0.5013233423233032,51,166006
Image_1_0,0.9110050797462463,0.9799506068229675,0.9283076524734497,0.9534302949905396,149,337150
Image_2_0,0.1023888811469078,0.9863936305046082,0.10253369808197021,0.18575818836688995,13,163982
Image_3_0,0.5843651294708252,0.9043265581130981,0.6228730082511902,0.7376646995544434,144,223981
