Tile_ID,Mask_ID,Centroid_X,Centroid_Y,Area,Equivalent_Diameter
Image_16,6,612.6888888888889,422.9555555555556,45,7.569397566060481
Image_16,56,601.8529411764706,421.11764705882354,34,6.579524642479541
Image_16,59,586.5227272727273,413.0681818181818,44,7.48482063701911
Image_16,142,568.3419483101392,419.81908548707753,503,25.30690599424961
Image_16,11,538.45,422.5,60,8.740387444736633
Image_16,94,526.4150943396227,400.47169811320754,53,8.214724333230155
Image_16,97,499.0357142857143,407.9285714285714,28,5.970821321441846
